{"cameraMode":{"drawMode":0,"name":"Shaded","section":"Shading Mode"},"sceneLighting":true,"audioPlay":false,"sceneViewState":{"m_AlwaysRefresh":false,"showFog":true,"showSkybox":true,"showFlares":true,"showImageEffects":true,"showParticleSystems":true,"showVisualEffectGraphs":true,"m_FxEnabled":true},"in2DMode":false,"pivot":{"x":-97.78766632080078,"y":1.4616713523864747,"z":-1.4104571342468262},"rotation":{"x":-0.01905287243425846,"y":0.7158994078636169,"z":-0.019561272114515306,"w":-0.6976795196533203},"size":67.33000183105469,"orthographic":false}