{"cameraMode":{"drawMode":0,"name":"Shaded","section":"Shading Mode"},"sceneLighting":false,"audioPlay":false,"sceneViewState":{"m_AlwaysRefresh":false,"showFog":true,"showSkybox":false,"showFlares":true,"showImageEffects":true,"showParticleSystems":true,"showVisualEffectGraphs":true,"m_FxEnabled":true},"in2DMode":false,"pivot":{"x":0.33290863037109377,"y":1.0949277877807618,"z":-0.3254880905151367},"rotation":{"x":-0.13718613982200623,"y":0.09848407655954361,"z":-0.013709013350307942,"w":-0.9855433106422424},"size":0.8660253882408142,"orthographic":false}